Unnamed: 0.1	Sequence	RPM	SeqID	Best P-match	P-Bitscore	Best HSa-match	Hsa-Bitscore	Best O-match	O-Bitscore	Best-HRefSeq	HRefSeq-BitScore	RefSeq-Ident	RefSeq-Gaps	Individuals
105	TGTTTGTTGTACTCGGTCTAG	1.330987174153861	pmir-2	ath-miR833a-5p	42.1	hsa-miR-8068	22.3	ppc-miR-8264-3p	22.3					48
135	TGTTTGTTGTACTCGGTCTAGA	1.317299975856993	pmir-3	ath-miR833a-5p	42.1	hsa-miR-8068	22.3	hsa-miR-8068	22.3					46
176	TGTTTGTTGTACTCGGTCTAT	1.2099361644211084	pmir-6	ath-miR833a-5p	40.1	hsa-miR-8068	22.3	ppc-miR-8264-3p	22.3					44
112	TGTTTGTTGTACTCGGTCTAGC	1.1949608643350162	pmir-7	ath-miR833a-5p	42.1	hsa-miR-8068	22.3	hsa-miR-8068	22.3					42
149	TGTTTGTTGTACTCGGTCTAA	1.1858484800498632	pmir-8	ath-miR833a-5p	40.1	hsa-miR-8068	22.3	ppc-miR-8264-3p	22.3					42
155	TAGTCCGGTTTTGGATACGTA	1.178343200657238	pmir-9	ath-miR826a	40.1			str-miR-7880h-3p	24.3					42
198	TGTTTGTTGTACTCGGTCTAAC	1.1746231872513375	pmir-10	ath-miR833a-5p	40.1	hsa-miR-8068	22.3	hsa-miR-8068	22.3					41
199	GTTTGTTGTACTCGGTCTAGC	0.9688337551725162	pmir-13	ath-miR833a-5p	40.1	hsa-miR-8068	20.3	ppc-miR-8264-3p	22.3					36
213	TGTTTGTTGTACTCGGTCTAC	0.8939020583113347	pmir-14	ath-miR833a-5p	40.1	hsa-miR-8068	22.3	ppc-miR-8264-3p	22.3					36
227	TAGTCCGGTTTTGGATACGTC	0.8734976854356251	pmir-15	ath-miR826a	40.1			str-miR-7880h-3p	24.3					32
211	TGTTTGTTGTACTCGGTCTAGTA	0.8455407645979189	pmir-16	ath-miR833a-5p	44.1	hsa-miR-8068	22.3	ppc-miR-8320-3p	22.3					28
2	TTTGGATTGAAGGGAGCTCTA	0.8334350761871206	pmir-17	aof-miR159	42.1	hsa-miR-6839-3p	20.3	gsa-miR-9402-5p	22.3	NM_170724.3	32.2	95.0	0.0	50
209	TTGTTTGTTGTACTCGGTCTAG	0.7988025191828302	pmir-20	ath-miR833a-5p	42.1	hsa-miR-8068	22.3	sfr-miR-10457-5p	22.3					29
243	TGTTTGTTGTACTCGGTCTATC	0.7947566455203418	pmir-21	ath-miR833a-5p	40.1	hsa-miR-8068	22.3	hsa-miR-8068	22.3					30
779	TCGATAAACCTCTGCATCCAG	0.7693879874014107	pmir-22	fve-miR162-3p	42.1			oni-miR-10823	22.3					68
220	TGTTTGTTGTACTCGGTCTAAG	0.7509477175827656	pmir-26	ath-miR833a-5p	40.1	hsa-miR-8068	22.3	hsa-miR-8068	22.3					27
104	TAAGATCCGGACTACAACAAAG	0.7366269396858858	pmir-27	ath-miR850	44.1			hco-miR-5950	22.3					50
5	TTTGGATTGAAGGGAGCTCT	0.7359986638269698	pmir-30	aof-miR159	40.1	hsa-miR-6839-3p	20.3	gga-miR-1596-5p	22.3	NM_138694.4	30.2	94.737	0.0	48
125	TAAGATCCGGACTACAACAAAA	0.7204687272836132	pmir-31	ath-miR850	42.1			hco-miR-5950	22.3					49
120	TGATCTCTTCGTACTCTTCTTA	0.7133419702923905	pmir-32	ath-miR831-3p	42.1			hme-miR-1175	20.3					49
139	TGATTGGAAATTTCGTTGACG	0.7031438969728911	pmir-34	ath-miR779.2	40.1			lva-miR-981-3p	20.3					50
134	TGATCTCTTCGTACTCTTCTT	0.7031438969728911	pmir-35	ath-miR831-3p	42.1			mdo-miR-7372-5p	20.3					50
115	TAAGATCCGGACTACAACAAA	0.7031438969728911	pmir-36	ath-miR850	42.1			bbe-miR-10c-5p	22.3					50
780	GGAATGGGCTGATTGGGAAGC	0.6922681607835373	pmir-37	pvu-miR482-5p	42.1	hsa-miR-7151-3p	20.3	mmu-miR-7670-5p	24.3					9
274	TGTTTGTTGTACTCGGTCTAGGC	0.6746684367108317	pmir-39	ath-miR833a-5p	42.1	hsa-miR-8068	22.3	hsa-miR-8068	22.3					21
111	TGATTGGAAATTTCGTTGAC	0.6696608542598963	pmir-45	ath-miR779.2	40.1			pxy-miR-8500	20.3					50
136	ATCAGTTTCTTGTTCGTTTCA	0.6654935870769308	pmir-50	ath-miR837-5p	42.1	hsa-miR-196a-3p	24.3	ocu-miR-196a-2-3p	24.3	NR_174942.1	32.2	95.0	0.0	48
210	TAAGATCCGGACTACAACAACG	0.6648720612814916	pmir-51	ath-miR850	40.1			hco-miR-5950	24.3					44
140	TGATTGGAAATTTCGTTGACA	0.6344284817076149	pmir-57	ath-miR779.2	40.1			lva-miR-981-3p	22.3					46
147	AAGATCCGGACTACAACAAAG	0.625953835291985	pmir-60	ath-miR850	42.1			bbe-miR-10c-5p	22.3					44
165	TTATGTCTTGTTGATCTCAAG	0.600382808887758	pmir-66	ath-miR863-5p	40.1	hsa-miR-7849-3p	20.3	tcf-miR-10311	20.3					42
151	TAAGATCCGGACTACAACAAAC	0.597480432167508	pmir-69	ath-miR850	42.1	hsa-miR-8068	20.3	hco-miR-5950	22.3					42
203	TGATCTCTTCGTACTCTTCTAG	0.5886284341333108	pmir-72	ath-miR831-3p	40.1			bta-miR-6527	20.3					39
265	TTGTTTGTTGTACTCGGTCTAGC	0.5794436919649989	pmir-74	ath-miR833a-5p	42.1	hsa-miR-8068	22.3	sfr-miR-10457-5p	22.3					22
188	TTATGTCTTGTTGATCTCAAA	0.5781778878160335	pmir-75	ath-miR863-5p	40.1	hsa-miR-7849-3p	20.3	tcf-miR-10311	20.3					41
121	TCATGGTCAGATCCGTCATCC	0.5771392732142344	pmir-76	aly-miR842-3p	42.1			ssa-miR-8163-5p	20.3					43
107	TGTTTGTTGTACTCGGTCTAGT	0.5718452307065478	pmir-77	ath-miR833a-5p	44.1	hsa-miR-8068	22.3	hsa-miR-8068	22.3					18
222	TAAGATCCGGACTACAACAAAAG	0.5710107300766503	pmir-78	ath-miR850	42.1			bbe-miR-10c-5p	22.3					38
117	TGATTGGAAATTTCGTTGACC	0.5703222307053486	pmir-80	ath-miR779.2	40.1			pxy-miR-8500	20.3					42
127	TTATGTCTTGTTGATCTCAAC	0.5703222307053486	pmir-82	ath-miR863-5p	40.1	hsa-miR-7849-3p	20.3	tcf-miR-10301	20.3					42
214	TTCTGCTATGTTGCTGCTCAG	0.5510445311371182	pmir-88	ath-miR779.1	40.1	hsa-miR-5702	20.3	cbr-miR-354	22.3					38
3	GGAATGTTGTCTGGCTCGAGG	0.5500610612023589	pmir-89	cas-miR166a	42.1	hsa-miR-6821-5p	20.3	xla-miR-375-5p	22.3					53
218	ATCAGTTTCTTGTTCGTTTCG	0.5473602620331723	pmir-90	ath-miR837-5p	40.1	hsa-miR-196a-3p	24.3	ocu-miR-196a-2-3p	24.3	NR_174942.1	30.2	94.737	0.0	38
173	GTTTGTTGTACTCGGTCTAGT	0.5461902176467948	pmir-91	ath-miR833a-5p	42.1	hsa-miR-8068	20.3	ppc-miR-8320-3p	22.3					18
174	TGTTTGTTGTACTCGGTCTAAT	0.5401265580320762	pmir-92	ath-miR833a-5p	40.1	hsa-miR-8068	22.3	hsa-miR-8068	22.3					17
11	TTTGGATTGAAGGGAGCTCTG	0.5210430018849412	pmir-94	bdi-miR159b-3p.1	42.1	hsa-miR-6839-3p	20.3	gga-miR-1596-5p	22.3	NM_170724.3	30.2	94.737	0.0	19
201	TCTAAGTCTTCTATTGATGTC	0.5204512568437841	pmir-95	ath-miR776	40.1			pti-miR5477	24.3					39
205	TTATGTCTTGTTGATCTCAATA	0.51938430304412	pmir-96	ath-miR863-5p	42.1	hsa-miR-7849-3p	20.3	tcf-miR-10311	20.3					35
133	TAGTCCGGTTTTGGATACGTG	0.5155753508488001	pmir-97	ath-miR826a	42.1			str-miR-7880h-3p	24.3					17
229	TGTTTGTTGTACTCGGTCTATT	0.507810133227531	pmir-99	ath-miR833a-5p	40.1	hsa-miR-8068	22.3	ppc-miR-8264-3p	22.3					16
784	GGAATGGGCTGATTGGGAAGT	0.497769115105804	pmir-102	pvu-miR482-5p	40.1	hsa-miR-7151-3p	20.3	mmu-miR-7670-5p	24.3					5
233	CAGCCAAGGATGACTTGCCGG	0.4848568873170017	pmir-104	csi-miR169r-5p	42.1			sma-miR-2d-5p	22.3					36
232	TTCTGCTATGTTGCTGCTCAA	0.4842520388672303	pmir-105	ath-miR779.1	40.1	hsa-miR-5702	20.3	cbr-miR-354	22.3					35
167	ATCAGTTTCTTGTTCGTTTC	0.4622015950768651	pmir-110	ath-miR837-5p	40.1	hsa-miR-196a-3p	24.3	ocu-miR-196a-2-3p	24.3	NR_174942.1	30.2	94.737	0.0	37
234	TGAAAGTGACTACATCGGGGT	0.4387440490959317	pmir-116	ath-miR161.1	42.1	hsa-miR-455-5p	20.3	tgu-miR-1803-3p	22.3					8
230	TAAGATCCGGACTACAACAAAGA	0.435256366907966	pmir-117	ath-miR850	44.1			bbe-miR-10c-5p	22.3					30
249	AGAATCTTGATGATGCTGCAT	0.4349120772214012	pmir-118	aof-miR172	42.1	hsa-miR-1322	22.3	pte-miR-2c-3p	22.3	NM_182531.5	30.2	94.737	0.0	20
263	GATCTCTTCGTACTCTTCTTA	0.4336796671259679	pmir-119	ath-miR831-3p	40.1			mdo-miR-7372-5p	20.3					30
260	TGTTTGTTGTACTCGGTCTAGGT	0.424927606211412	pmir-123	ath-miR833a-5p	42.1	hsa-miR-8068	22.3	ppc-miR-8264-3p	22.3					12
266	TAGTCCGGTTTTGGATACGTT	0.4221157158835785	pmir-124	ath-miR826a	40.1			str-miR-7880h-3p	24.3					14
787	TCGATAAACCTCTGCATCCAA	0.4177848593493566	pmir-125	cas-miR162a	40.1			oni-miR-10823	22.3					36
237	TCATGGTCAGATCCGTCATCG	0.4166625767398721	pmir-126	aly-miR842-3p	40.1			ssa-miR-8163-5p	20.3					31
251	TGATCTCTTCGTACTCTTCTTGA	0.4116740236205095	pmir-128	ath-miR831-3p	44.1			mdo-miR-7372-5p	22.3					28
676	TGGACTGAAGGGGAGCTCCTTC	0.4099084072769784	pmir-130	gma-miR319o	44.1	hsa-miR-3132	20.3	oni-miR-10805	22.3					10
225	TCGCTTGGTGCAGGTCGGGAA	0.4047331481021937	pmir-131	aof-miR168a	42.1	hsa-miR-6816-3p	20.3	dvi-miR-9706b-5p	22.3					18
193	GATTGGAAATTTCGTTGAC	0.4029413433057776	pmir-132	ath-miR779.2	38.2			pxy-miR-8500	20.3					33
164	TAAGATCCGGACTACAACA	0.4029413433057776	pmir-135	ath-miR850	38.2			bbe-miR-10c-5p	22.3					33
144	TGATCTCTTCGTACTCTTC	0.4029413433057776	pmir-141	ath-miR831-3p	38.2			hme-miR-1175	20.3					33
178	TGATTGGAAATTTCGTTGA	0.3933624938087868	pmir-144	ath-miR779.2	38.2			dps-miR-2567c-3p	20.3					32
279	AAGATCCGGACTACAACAAAA	0.3902358567283864	pmir-146	ath-miR850	40.1			bbe-miR-10c-5p	22.3					28
315	TGTTTGTTGTACTCGGTCTACC	0.3832795730108705	pmir-150	ath-miR833a-5p	40.1	hsa-miR-8068	22.3	hsa-miR-8068	22.3					14
202	CTGATCTCTTCGTACTCTTCT	0.382912474149624	pmir-151	ath-miR831-3p	40.1			bta-miR-6527	20.3					29
157	TTCGATGTCTAGCAGTGC	0.3817339041844208	pmir-156	ath-miR775	36.2			pte-miR-11961a-3p	20.3					33
18	TTTGGATTGAAGGGAGCTCTT	0.3736655767407018	pmir-158	cas-miR159b-3p	42.1	hsa-miR-6839-3p	20.3	gga-miR-1596-5p	22.3	NM_170724.3	30.2	94.737	0.0	16
255	TTAGATTCACGCACAAACTCG	0.3613971370556564	pmir-162	csi-miR403b-3p	42.1	hsa-miR-5197-5p	20.3	sme-miR-2164-3p	20.3					21
171	TAAGATCCGGACTACAAC	0.3591633429674161	pmir-164	ath-miR850	36.2			bbe-miR-10c-5p	22.3					32
206	ATTGGAAATTTCGTTGAC	0.353661594838209	pmir-166	ath-miR779.2	36.2			pxy-miR-8500	20.3					30
259	TTGTTTGTTGTACTCGGTCTAGT	0.333282932445976	pmir-168	ath-miR833a-5p	44.1	hsa-miR-8068	22.3	sfr-miR-10457-5p	22.3					10
286	TGATCTCTTCGTACTCTTCTA	0.3286127804925372	pmir-171	ath-miR831-3p	40.1			hme-miR-1175	20.3					24
306	AGAATCTTGATGATGCTGCAC	0.3234171935124435	pmir-173	aof-miR172	40.1	hsa-miR-1322	22.3	pte-miR-2c-3p	22.3	NM_182531.5	32.2	95.0	0.0	27
267	TTCTGCTATGTTGCTGCTC	0.3093410683696797	pmir-176	ath-miR779.1	38.2	hsa-miR-5702	20.3	cbr-miR-354	22.3	NM_001363540.2	28.2	94.444	0.0	26
19	GAATGTTGTCTGGCTCGAGGC	0.3044756850002568	pmir-178	cas-miR166a	40.1	hsa-miR-6821-5p	22.3	xla-miR-375-5p	22.3					6
12	GGAATGTTGTCTGGCTCGAGA	0.2953024375302264	pmir-183	cas-miR166a	40.1			xla-miR-375-5p	22.3					23
298	TGATTGGAAATTTCGTTGACTA	0.2859259009034429	pmir-190	ath-miR779.2	42.1			pxy-miR-8500	20.3					19
108	TGATCTCTTCGTACTCTTCTTG	0.2806976597029394	pmir-193	ath-miR831-3p	44.1			mdo-miR-7372-5p	22.3					18
292	GTTTGTTGTACTCGGTCTAGG	0.2736257114099678	pmir-196	ath-miR833a-5p	40.1	hsa-miR-8068	20.3	ppc-miR-8264-3p	22.3					10
246	TGATCTCTTCGTACTCTTCTGG	0.2700632790160382	pmir-199	ath-miR831-3p	40.1			hme-miR-1175	20.3					17
192	TAAGATCCGGACTACAACAAAT	0.2700632790160382	pmir-200	ath-miR850	42.1			hco-miR-5950	22.3					17
269	TGTTTGTTGTACTCGGTCTACG	0.2646541428579494	pmir-203	ath-miR833a-5p	40.1	hsa-miR-8068	22.3	hsa-miR-8068	22.3					7
273	TACGCATTGAGTTTCGTTGCT	0.2644608515699425	pmir-204	ath-miR777	42.1			asu-miR-100c-3p	22.3					18
20	GAATGTTGTCTGGCTCGAGGCC	0.2611877830807468	pmir-207	cas-miR166a	40.1	hsa-miR-6821-5p	22.3	hsa-miR-6821-5p	22.3	NM_019105.8	30.2	94.737	0.0	4
180	GATCTCTTCGTACTCTTCTTG	0.2577876754244	pmir-208	ath-miR831-3p	42.1			mdo-miR-7372-5p	22.3					17
187	TCTAAGTCTTCTATTGATGTT	0.2577876754244	pmir-209	ath-miR776	42.1			pti-miR5477	24.3					17
141	TTCTGCTATGTTGCTGCTCAT	0.2577876754244	pmir-210	ath-miR779.1	42.1	hsa-miR-5702	20.3	cbr-miR-354	22.3					17
118	TTATGTCTTGTTGATCTCAAT	0.2577876754244	pmir-211	ath-miR863-5p	42.1	hsa-miR-7849-3p	20.3	tcf-miR-10301	20.3					17
29	GGAATGTTGTCTGGCTCGAGT	0.2563715930925826	pmir-213	cas-miR166a	40.1			xla-miR-375-5p	22.3					13
15	TTGGATTGAAGGGAGCTCTA	0.2527114227536161	pmir-218	aof-miR159	40.1	hsa-miR-6839-3p	20.3	gga-miR-1596-5p	22.3	NM_138694.4	32.2	95.0	0.0	17
931	CTTGGATTGAAGGGAGCTCT	0.2526704579153011	pmir-219	bdi-miR159a-3p	40.1	hsa-miR-6839-3p	20.3	gga-miR-1596-5p	22.3	NM_138694.4	32.2	95.0	0.0	8
329	TAAGATCCGGACTACAACAAC	0.2473823417138028	pmir-223	ath-miR850	40.1			hco-miR-5950	24.3					18
370	TGTTTGTTGTACTCGGTCTAAA	0.2461426386741959	pmir-226	ath-miR833a-5p	40.1	hsa-miR-8068	22.3	hsa-miR-8068	22.3					8
276	TGTTTGTTGTACTCGGTCTAAGT	0.2365699069999655	pmir-235	ath-miR833a-5p	40.1	hsa-miR-8068	22.3	ppc-miR-8264-3p	22.3					8
321	TGTTTGTTGTACTCGGTCTACT	0.2295171181907752	pmir-244	ath-miR833a-5p	40.1	hsa-miR-8068	22.3	hsa-miR-8068	22.3					8
46	TTTGGATTGAAGGGAGCTCTATT	0.2182880217969001	pmir-255	aof-miR159	42.1	hsa-miR-6839-3p	20.3	gsa-miR-9402-5p	22.3	NM_138694.4	34.2	95.238	0.0	5
389	TAAGATCCGGACTACAACAACA	0.2136699791671174	pmir-260	ath-miR850	40.1			hco-miR-5950	24.3					12
26	TTTGGATTGAAGGGAGCTCTTT	0.1928970988534843	pmir-280	cas-miR159b-3p	42.1	hsa-miR-6839-5p	20.3	gsa-miR-9402-5p	22.3	NM_170724.3	30.2	94.737	0.0	7
373	CTGATCTCTTCGTACTCTTCTTA	0.190881182616978	pmir-281	ath-miR831-3p	42.1			mdo-miR-7372-5p	20.3					13
38	GGAATGTTGTCTGGCTCGAGC	0.1902768935671525	pmir-282	cas-miR166a	40.1			xla-miR-375-5p	22.3					7
282	CTGATCTCTTCGTACTCTTCTTG	0.1880736238911201	pmir-284	ath-miR831-3p	44.1			mdo-miR-7372-5p	22.3					11
304	ACAAACACCTTGGATGTTCTT	0.1874186260649761	pmir-285	ath-miR782	42.1	hsa-miR-5688	20.3	efu-miR-9232	22.3					6
369	TCTAAGTCTTCTATTGATGTA	0.1814348741134299	pmir-292	ath-miR776	40.1			pti-miR5477	24.3					12
355	TAGTCCGGTTTTGGATACGTGA	0.1807441407808373	pmir-294	ath-miR826a	42.1			str-miR-7880h-3p	24.3					5
277	TGATCTCTTCGTACTCTT	0.1739623088107896	pmir-297	ath-miR831-3p	36.2			bta-miR-6527	20.3					16
326	TGAAAGTGACTACATCGGGGC	0.1719734843576805	pmir-299	aly-miR161-5p.1	40.1	hsa-miR-455-5p	20.3	oga-miR-455	20.3					3
24	GAATGTTGTCTGGCTCGAGGA	0.1719734843576805	pmir-300	cas-miR166a	40.1	hsa-miR-6821-5p	20.3	xla-miR-375-5p	22.3					3
390	TGATCTCTTCGTACTCTTCTAA	0.1683033028280945	pmir-303	ath-miR831-3p	40.1			bta-miR-6527	20.3					11
271	TGCTCACCTCTCTTTCTGTCAG	0.1642625585114937	pmir-304	cas-miR156b-3p	44.1	hsa-miR-6826-3p	20.3	efu-miR-9340	22.3					3
364	GTTTGTTGTACTCGGTCTAGA	0.1594926855398089	pmir-306	ath-miR833a-5p	40.1	hsa-miR-8068	20.3	ppc-miR-8264-3p	22.3					7
802	GGAGGCAGCGGTTCATCGATC	0.1567960785791531	pmir-308	fve-miR162-5p	42.1	hsa-miR-4695-3p	24.3	hsa-miR-4695-3p	24.3					3
363	AAGATCCGGACTACAACAAAGC	0.1540970906308236	pmir-312	ath-miR850	42.1			hco-miR-5950	22.3					11
44	TTTGGATTGAAGGGAGCTCTC	0.1526491162202387	pmir-313	lus-miR159b	42.1	hsa-miR-6839-3p	20.3	gsa-miR-9402-5p	22.3	NM_170724.3	30.2	94.737	0.0	5
374	TCGCTTGGTGCAGGTCGGGAC	0.1485449454468958	pmir-316	bra-miR168c-5p	42.1	hsa-miR-6816-3p	20.3	dvi-miR-9706b-5p	22.3					15
396	TACGCATTGAGTTTCGTTGCTC	0.1481280314329803	pmir-317	ath-miR777	42.1			asu-miR-100c-3p	24.3					9
798	AAGCTCAGGAGGGATAGCGCT	0.1449042223490549	pmir-321	aof-miR390	40.1			rno-miR-676	20.3					3
311	TCTGATCTCTTCGTACTCTTCT	0.1445416990434731	pmir-322	ath-miR831-3p	40.1	hsa-miR-6529-5p	20.3	mmu-miR-6904-3p	22.3					9
921	ATGTTGTCTGGCTCGAGGCC	0.1423247472369312	pmir-324	cas-miR166a	36.2	hsa-miR-6821-5p	22.3	xla-miR-375-5p	22.3	NM_019105.8	30.2	94.737	0.0	2
422	TTTGGATTGAAGGGAGCTCTTTT	0.1393226060740274	pmir-328	cas-miR159b-3p	42.1	hsa-miR-6839-3p	20.3	gsa-miR-9402-5p	22.3	NM_170724.3	30.2	94.737	0.0	7
124	TGATTGGAAATTTCGTTGACT	0.135117008903445	pmir-331	ath-miR779.2	42.1			lva-miR-981-3p	20.3					10
314	AAGATCCGGACTACAACAAAGT	0.1350565670988139	pmir-332	ath-miR850	42.1			hco-miR-5950	22.3					9
424	TGAAAGTGACTACATCGGGGA	0.1342635788202504	pmir-333	aly-miR161-5p.1	40.1	hsa-miR-455-5p	20.3	hpo-miR-43a-5p	20.3					2
33	TTTGGATTGAAGGGAGCTCTGT	0.1334156300224583	pmir-334	bdi-miR159b-3p.1	42.1	hsa-miR-6839-5p	20.3	gsa-miR-9402-5p	22.3	NM_170724.3	30.2	94.737	0.0	2
27	CTTTGTCTATCGTTTGGAAAAG	0.1332651014621131	pmir-337	bra-miR158-5p	44.1			gga-miR-12259-3p	22.3					2
275	TTTGGATTGAAGGGAGCTCCG	0.1325814662138344	pmir-339	cas-miR159a	40.1	hsa-miR-6839-3p	20.3	gga-miR-1596-5p	22.3					5
409	ATCAGTTTCTTGTTCGTTTCC	0.1315807494071325	pmir-341	ath-miR837-5p	40.1	hsa-miR-196a-3p	24.3	ocu-miR-196a-2-3p	24.3	NR_174942.1	30.2	94.737	0.0	9
706	TGGACTGAAGGGGAGCTCCTTT	0.1279226816186337	pmir-346	gma-miR319o	42.1			cpo-miR-28-3p	20.3					3
349	TTGACAGAAGATAGAGAGCAC	0.1272075968501989	pmir-352	aof-miR156b	42.1	hsa-miR-3976	20.3	nve-miR-9422	28.2	NM_001351160.2	30.2	94.737	0.0	10
156	TCATGGTCAGATCCGTCATCT	0.1249660091568575	pmir-357	aly-miR842-3p	40.1			ssa-miR-8163-5p	20.3					9
371	ACAAACACCTTGGATGTTCTC	0.1247070010681613	pmir-358	ath-miR782	40.1	hsa-miR-5688	20.3	efu-miR-9232	22.3					7
421	TGCCAAAGGAGAGTTGCCCTG	0.1219643279192754	pmir-366	aof-miR399a	42.1			mdo-miR-12386-5p	20.3					2
412	TCCGGCAAGTTGACTTTGGCC	0.1219518293468438	pmir-367	ath-miR169g-3p	32.2			sko-miR-4832	30.2					9
398	TGATCTCTTCGTACTCTTCTGA	0.1219213674825314	pmir-368	ath-miR831-3p	40.1	hsa-miR-378c	20.3	pal-miR-9997-5p	20.3					8
447	TGATCTCTTCGTACTCTTCTNG	0.1165981023986303	pmir-375	ath-miR831-3p	40.1			hme-miR-1175	20.3					7
47	CTCGAGCCAGACAACATTCCT	0.1160131901472759	pmir-376	cas-miR166a	40.1			xla-miR-375-5p	22.3					1
78	CTCGAGCCAGACAACATTCCG	0.1160131901472759	pmir-377	cas-miR166a	40.1			xla-miR-375-5p	22.3					1
56	CTCGAGCCAGACAACATTCCC	0.1160131901472759	pmir-378	cas-miR166a	40.1			xla-miR-375-5p	22.3					1
378	TAAGATCCGGACTACAACAAAGG	0.1136865011826046	pmir-382	ath-miR850	44.1			bbe-miR-10c-5p	22.3					10
30	GAATGTTGTCTGGCTCGAGGCT	0.112022542231605	pmir-384	cas-miR166a	40.1	hsa-miR-6821-5p	22.3	hsa-miR-6821-5p	22.3					2
50	TCCCAAATGTAGACAAAGCAC	0.1098890158271901	pmir-391	aly-miR158a-3p	40.1	hsa-miR-3690	20.3	hsa-miR-3690	20.3					3
538	TGTTTGTTGTACTCGGTCTAGGA	0.1098165624340044	pmir-392	ath-miR833a-5p	42.1	hsa-miR-8068	22.3	ppc-miR-8264-3p	22.3					2
432	TCATGGTCAGATCCGTCATCCC	0.1087287408667844	pmir-394	aly-miR842-3p	42.1			ssa-miR-8163-5p	20.3					6
400	TAAGATCCGGACTACAACAAAAA	0.1084100292778106	pmir-395	ath-miR850	42.1			bbe-miR-10c-5p	22.3					7
48	TTGGATTGAAGGGAGCTCTAC	0.1077730200227672	pmir-397	aof-miR159	40.1	hsa-miR-6839-3p	20.3	gga-miR-1596-5p	22.3	NM_138694.4	32.2	95.0	0.0	5
247	TGATCTCTTCGTACTCTTCTG	0.1070078882076763	pmir-398	ath-miR831-3p	40.1			hme-miR-1175	20.3					9
42	GAATGTTGTCTGGCTCGAGGT	0.1051692303161306	pmir-402	cas-miR166a	40.1	hsa-miR-6821-5p	20.3	xla-miR-375-5p	22.3					4
415	TGCTCACCTCTCTTTCTGTCAA	0.1046305611201225	pmir-406	cas-miR156b-3p	42.1	hsa-miR-6826-3p	20.3	mml-miR-1241	22.3					2
268	GATTGGAAATTTCGTTGACT	0.1043259628139887	pmir-407	ath-miR779.2	40.1			pxy-miR-8500	20.3					8
801	TTTGGCATTCTGTCCACCTCC	0.0985766350469977	pmir-414	cas-miR394	42.1	hsa-miR-6849-3p	22.3	mmu-miR-6914-3p	24.3					8
434	TGTTTGTTGTACTCGGTCTAGTTC	0.0938693834205871	pmir-421	ath-miR833a-5p	44.1	hsa-miR-8068	22.3	ppc-miR-8320-3p	22.3					2
512	TGTTTGTTGTACTCGGTCTACA	0.089898770514378	pmir-426	ath-miR833a-5p	40.1	hsa-miR-8068	22.3	hsa-miR-8068	22.3					2
407	GATCTCTTCGTACTCTTC	0.0891468126332668	pmir-429	ath-miR831-3p	36.2			bta-miR-6527	20.3					8
10	TGGATTGAAGGGAGCTCTAC	0.0886692203816915	pmir-430	aof-miR159	38.2	hsa-miR-6839-3p	20.3	gga-miR-1596-5p	22.3	NM_138694.4	30.2	94.737	0.0	5
492	TCGCTTGGTGCAGGTCGGGAACCG	0.0883910020169721	pmir-432	lja-miR168-5p	44.1	hsa-miR-6816-3p	20.3	dvi-miR-9706b-5p	22.3					1
313	TACGCATTGAGTTTCGTTGCTT	0.0881799289234776	pmir-433	ath-miR777	44.1			asu-miR-100c-3p	22.3					6
368	TCGCTTGGTGCAGGTCGGGAAC	0.0873151557911261	pmir-434	lja-miR168-5p	44.1	hsa-miR-6816-3p	20.3	dvi-miR-9706b-5p	22.3					3
35	TCCCAAATGTAGACAAAGCAA	0.0863692425648916	pmir-437	aly-miR158a-3p	40.1	hsa-miR-3690	20.3	mdo-miR-12374-5p	20.3					7
840	GAATGTTGTCTGGCTCGAGGATT	0.0847080435995983	pmir-440	cas-miR166a	40.1	hsa-miR-6821-5p	20.3	xla-miR-375-5p	22.3					1
394	TTGTTGTACTCGGTCTAGTTG	0.0813863924652131	pmir-447	ath-miR833a-5p	38.2			ppc-miR-8320-3p	22.3					4
55	TTTGGATTGAAGGGAGCTCTTC	0.0810250851822244	pmir-448	cas-miR159b-3p	42.1	hsa-miR-6839-5p	20.3	gsa-miR-9402-5p	22.3	NM_170724.3	30.2	94.737	0.0	3
500	GGGTAAGATCTCTATTGGCAGG	0.0810250851822244	pmir-449	aly-miR399a-5p	44.1	hsa-miR-4504	20.3	cfa-miR-653	20.3					1
839	GGGAATGTTGTCTGGCTCGAGG	0.0810250851822244	pmir-452	cas-miR166a	42.1	hsa-miR-6821-5p	20.3	xla-miR-375-5p	22.3					1
81	TTGGATTGAAGGGAGCTCTACA	0.0810250851822244	pmir-453	aof-miR159	40.1	hsa-miR-6839-3p	20.3	gga-miR-1596-5p	22.3	NM_138694.4	32.2	95.0	0.0	1
425	GGGTAAGATCTCTATTGGCAGC	0.0810250851822244	pmir-455	aly-miR399a-5p	42.1	hsa-miR-4504	20.3	hpo-miR-10088-3p	20.3					1
77	TTTGGATTGAAGGGAGCTCTTCT	0.0789654157228725	pmir-459	cas-miR159b-3p	42.1	hsa-miR-6839-3p	20.3	gsa-miR-9402-5p	22.3	NM_170724.3	30.2	94.737	0.0	1
420	TTAGATTCACGCACAAACTCGTC	0.0789654157228725	pmir-460	cas-miR403	44.1	hsa-miR-5197-5p	20.3	hpo-miR-10050-3p	20.3					1
480	TCATGGTCAGATCCGTCATCCA	0.0777920302792216	pmir-461	aly-miR842-3p	42.1			ssa-miR-8163-5p	20.3					4
832	GGAGGCAGCGGTTCATCGATT	0.0773421267648506	pmir-464	cas-miR162b	40.1	hsa-miR-4695-3p	24.3	hsa-miR-4695-3p	24.3					1
925	GGTATGTTGTCTGGCTCGAGG	0.0773421267648506	pmir-466	cas-miR166a	36.2	hsa-miR-6821-5p	20.3	xla-miR-375-5p	22.3					4
385	ACTCATAAGATCGTGACACGT	0.0773421267648506	pmir-468	ath-miR5026	42.1			dqu-miR-981-5p	20.3					1
25	TCCCAAATGTAGACAAAGCAT	0.0773421267648506	pmir-469	aly-miR158a-3p	40.1	hsa-miR-3690	20.3	hsa-miR-3690	20.3					1
66	GAATGTTGTCTGGCTCGAGGCG	0.0755321367783998	pmir-476	cas-miR166a	40.1	hsa-miR-6821-5p	24.3	hsa-miR-6821-5p	24.3					1
444	TTGTTGTACTCGGTCTAGTTGC	0.0733325420578175	pmir-484	ath-miR833a-5p	38.2			ppc-miR-8320-3p	22.3					3
827	TTAGATTCACGCACAAACTTT	0.0720988578339271	pmir-487	gma-miR403b	40.1			bta-miR-2285bf	20.3					1
821	TCGATAAACCTCTGCATCCAT	0.0716678042642979	pmir-490	cas-miR162a	40.1			oni-miR-10823	22.3					8
476	TGATCTCTTCGTACTCTTCTTGAG	0.0714540567826853	pmir-492	ath-miR831-3p	44.1			mdo-miR-7372-5p	22.3					4
531	TGTTTGTTGTACTCGGTCTAGGG	0.0708322889287356	pmir-494	ath-miR833a-5p	42.1	hsa-miR-8068	22.3	ppc-miR-8264-3p	22.3	NM_001367600.2	30.2	91.304	0.0	2
526	TGTTTGTTGTACTCGGTCTAN	0.068919239029144	pmir-498	ath-miR833a-5p	40.1	hsa-miR-8068	22.3	ppc-miR-8264-3p	22.3					2
717	TGGACTGAAGGGGAGCTCCTTA	0.0660741276771842	pmir-507	gma-miR319o	42.1			mmu-miR-7663-3p	22.3					2
45	TTTGGATTGAAGGGAGCTCTATC	0.0623425427273425	pmir-515	aof-miR159	42.1	hsa-miR-6839-3p	20.3	ssc-miR-10387	22.3	NM_138694.4	36.2	95.455	0.0	3
513	AAGATCCGGACTACAACAAAC	0.0613425280318528	pmir-519	ath-miR850	40.1	hsa-miR-8068	20.3	bbe-miR-10c-5p	22.3					4
346	TTTGGATTGAAGGGAGCTCCC	0.0611642321862226	pmir-520	cas-miR159a	40.1	hsa-miR-6839-3p	20.3	gga-miR-1596-5p	22.3					2
842	GTCGTACACATCACCGCA	0.0608852934770084	pmir-523	mdm-miR11005	24.3	hsa-miR-573	20.3	mdo-miR-12379-5p	20.3					1
76	TTTGGATTGAAGGGAGCTCTATG	0.0604134142470328	pmir-526	aof-miR159	42.1	hsa-miR-6839-3p	20.3	gga-miR-1596-5p	22.3	NM_138694.4	34.2	95.238	0.0	1
483	ATCAGTTTCTTGTTCGTTTCT	0.059968474925776	pmir-529	ath-miR837-5p	40.1	hsa-miR-196a-3p	24.3	ocu-miR-196a-2-3p	24.3	NR_174942.1	30.2	94.737	0.0	4
80	TTGGATTGAAGGGAGCTCTACC	0.0596319973913711	pmir-530	aof-miR159	40.1	hsa-miR-6839-3p	20.3	gmo-miR-11183-3p	22.3	NM_138694.4	32.2	95.0	0.0	1
527	TAAGATCCGGACTACAACAACC	0.0591695546511309	pmir-536	ath-miR850	40.1			hco-miR-5950	24.3					4
541	TACGCATTGAGTTTCGTTGCTA	0.0587103440600188	pmir-538	ath-miR777	42.1			asu-miR-100c-3p	22.3					3
428	TTGTGTTCTCAGGTCACCCCA	0.0569214520553997	pmir-550	lja-miR398-3p	40.1	hsa-miR-581	20.3	bma-miR-5365b	20.3	NR_120387.1	30.2	94.737	0.0	1
82	GAATGTTGTCTGGCTCGAGGG	0.0569214520553997	pmir-552	cas-miR166a	40.1	hsa-miR-6821-5p	20.3	xla-miR-375-5p	22.3					1
443	TACGCATTGAGTTTCGTTGC	0.0561490594219081	pmir-556	ath-miR777	40.1			ppc-miR-63c	20.3					4
705	ATCCAACGATGCGGGAGCTGC	0.0551600738777256	pmir-560	mtr-miR4414a-3p	42.1			gga-miR-12253-5p	20.3					1
505	TTAGATTCACGCACAAACTCT	0.0551600738777256	pmir-561	csi-miR403b-3p	40.1	hsa-miR-5197-5p	20.3	tca-miR-11619f-5p	20.3					12
482	TTAGATTCACGCACAAACTCGTA	0.0546145624744291	pmir-569	cas-miR403	44.1	hsa-miR-5197-5p	20.3	sme-miR-2164-3p	20.3					1
436	CAGTTTCTTGTTCGTTTCA	0.0544637941630518	pmir-571	ath-miR837-5p	38.2	hsa-miR-196a-3p	24.3	ocu-miR-196a-2-3p	24.3	NR_174942.1	30.2	94.737	0.0	4
530	TTATGTCTTGTTGATCTCAAAC	0.0533838928431861	pmir-572	ath-miR863-5p	40.1	hsa-miR-7849-3p	20.3	tcf-miR-10311	20.3					4
448	CTGATCTCTTCGTACTCTTC	0.0532383122047097	pmir-573	ath-miR831-3p	38.2			mmu-miR-6904-3p	20.3					4
71	GGAATGTTGTCTGGCTCGAGGC	0.0523905448402338	pmir-579	cas-miR166a	42.1	hsa-miR-6821-5p	22.3	hsa-miR-6821-5p	22.3					2
940	CTTGGATTGAAGGGAGCTCTTT	0.0523905448402338	pmir-581	cas-miR159b-3p	40.1	hsa-miR-6839-5p	20.3	gga-miR-1596-5p	22.3	NM_170724.3	32.2	95.0	0.0	1
494	TTGGATTGAAGGGAGCTCTTTC	0.0523905448402338	pmir-584	cas-miR159b-3p	40.1	hsa-miR-6839-5p	20.3	gga-miR-1596-5p	22.3	NM_170724.3	30.2	94.737	0.0	1
70	TTTGGATTGAAGGGAGCTCTAT	0.0523905448402337	pmir-585	aof-miR159	42.1	hsa-miR-6839-5p	20.3	gsa-miR-9402-5p	22.3	NM_138694.4	34.2	95.238	0.0	8
69	TTTGGATTGAAGGGAGCTCTCA	0.0522400162798887	pmir-586	lus-miR159b	42.1	hsa-miR-6839-5p	20.3	gsa-miR-9402-5p	22.3	NM_170724.3	30.2	94.737	0.0	1
449	CTAAGATCCGGACTACAACAAAG	0.0516200019738116	pmir-589	ath-miR850	44.1			bbe-miR-10c-5p	22.3					5
532	ATCAGTTTCTTGTTCGTTT	0.0513356548664096	pmir-591	aly-miR837-3p	38.2	hsa-miR-196a-3p	24.3	ocu-miR-196a-2-3p	24.3	NR_174942.1	28.2	94.444	0.0	4
455	TGTTTGTTGTACTCGGTCTAGTGG	0.050803569585808	pmir-593	ath-miR833a-5p	44.1	hsa-miR-8068	22.3	ppc-miR-8320-3p	24.3					1
586	TTGTTTGTTGTACTCGGTCTTG	0.0505074999332784	pmir-594	ath-miR833a-5p	38.2	hsa-miR-8068	22.3	sfr-miR-10457-5p	22.3					1
75	TTGAGCCGCGTCAATATCTCC	0.050009156438405	pmir-596	aof-miR171c	42.1			ppc-miR-8283-3p	20.3					2
681	AGCTGCTGAGCTATGGATCCT	0.050009156438405	pmir-597	mes-miR159a-5p	40.1	hsa-miR-93-3p	22.3	ocu-miR-93-3p	22.3					1
726	AGCTGCTGAGCTATGGATCCC	0.050009156438405	pmir-599	mes-miR159a-5p	42.1	hsa-miR-93-3p	22.3	mmu-miR-1258-3p	22.3					1
933	CTTGGATTGAAGGGAGCTCTC	0.050009156438405	pmir-600	fve-miR159b	40.1	hsa-miR-6839-3p	20.3	gga-miR-1596-5p	22.3	NM_170724.3	32.2	95.0	0.0	1
934	GAGCTCCCTTCGATCCAATCC	0.050009156438405	pmir-601	zma-miR159d-5p	42.1			mdo-miR-12409-3p	20.3					1
950	CGTTTGTGCGTGAATCTAACA	0.050009156438405	pmir-602	sly-miR403-5p	42.1			cel-miR-249-5p	22.3					1
941	AGCTGCCGGTTCATGGATACC	0.050009156438405	pmir-603	pab-miR159i	24.3			bmo-miR-3359	22.3					1
831	TGATTGAGCCGTGCCAATATC	0.050009156438405	pmir-604	aof-miR171a	42.1	hsa-miR-1269a	20.3	ocu-miR-96-3p	20.3					1
938	TCGAACCAGGCTTCATTCCCA	0.0498654700853483	pmir-611	osa-miR166e-3p	40.1	hsa-miR-3943	20.3	cli-miR-205b-3p	22.3					1
521	TAAGATCCGGACTACAACAANG	0.0488711880433823	pmir-614	ath-miR850	40.1			bbe-miR-10c-5p	22.3					4
520	TGATTGGAAATTTCGTTGACTCC	0.0484066611539895	pmir-617	ath-miR779.2	42.1			pxy-miR-8500	20.3					3
502	TTGGATTGAAGGGAGCTCTT	0.0476277680365762	pmir-621	cas-miR159b-3p	40.1	hsa-miR-6839-3p	20.3	gga-miR-1596-5p	22.3	NM_138694.4	30.2	94.737	0.0	1
939	AGCTCCCTTCGATCCAATCC	0.0476277680365762	pmir-623	zma-miR159d-5p	40.1			mdo-miR-12409-3p	20.3					1
834	TTGAGTGCAGCGTTGATGAA	0.0474909238908079	pmir-624	bdi-miR397b-5p	40.1	hsa-miR-647	20.3	hco-miR-5962	22.3					1
6	TGGATTGAAGGGAGCTCTACA	0.0436361814098805	pmir-633	aof-miR159	38.2	hsa-miR-6839-5p	20.3	gga-miR-1596-5p	22.3	NM_170724.3	30.2	94.737	0.0	4
469	GAGCCCCCCCCCCCCCCCCCCCCC	0.0434574178417145	pmir-634											1
57	TTTGGATTGAAGGGAGCTCTACA	0.0418057009161992	pmir-635	aof-miR159	42.1	hsa-miR-6839-5p	20.3	gsa-miR-9402-5p	22.3	NM_170724.3	32.2	95.0	0.0	1
522	CAGCCAAGGATGACTTGCCGA	0.0417977453307327	pmir-636	cas-miR169a	42.1			sma-miR-2d-5p	22.3					4
452	TGATTGGAAATTTCGTTGACCC	0.0413602971499039	pmir-637	ath-miR779.2	40.1			pxy-miR-8500	20.3					4
739	TGGACTGAAGGGGAGCTCCTT	0.041078673628737	pmir-638	gma-miR319o	42.1			pte-miR-11950-5p	20.3					2
468	TTGTTTGTTGTACTCGGTCTAT	0.0397353255359313	pmir-641	ath-miR833a-5p	40.1	hsa-miR-8068	22.3	sfr-miR-10457-5p	22.3					2
584	TTGTTTGTTGTACTCGGTCTGG	0.0386145367495204	pmir-647	ath-miR833a-5p	38.2	hsa-miR-8068	22.3	sfr-miR-10457-5p	22.3					1
833	AAGCTCAGGAGGGATAGCGCA	0.0381704225756601	pmir-649	aof-miR390	40.1			rno-miR-676	20.3					1
813	AAGCTCAGGAGGGATAGCGCC	0.0381704225756601	pmir-651	aof-miR390	42.1			rno-miR-676	20.3					3
462	TCAGTTTCTTGTTCGTTTCA	0.037607469081755	pmir-652	ath-miR837-5p	40.1	hsa-miR-196a-3p	24.3	ocu-miR-196a-2-3p	24.3	NR_174942.1	32.2	95.0	0.0	2
843	TTGCCGATTCCACCCATTCCC	0.0374663221251789	pmir-656	vun-miR2118	40.1			mle-miR-12099-3p	22.3					1
456	CGGGAGAGAGAGAGAGAGAA	0.037292481969029	pmir-658											5
393	TTTGTTGTACTCGGTCTAGTTGG	0.0369087627420482	pmir-659	ath-miR833a-5p	40.1			ppc-miR-8320-3p	22.3					1
459	CGGGAGAGAGAGAGAGAGAAAG	0.0364748091704302	pmir-661											1
567	TAAGATCCGGACTACAACAAAGT	0.0359594821100247	pmir-663	ath-miR850	44.1			hco-miR-5950	22.3					2
822	TTGCCGATTCCACCCATTCC	0.0356822115477895	pmir-664	vun-miR2118	40.1			mle-miR-12099-3p	22.3					1
579	TCTAAGTCTTCTATTGATGTG	0.0356500316971318	pmir-665	ath-miR776	40.1			pti-miR5477	24.3					2
488	CTTATGTCTTGTTGATCTCAA	0.0352023898728781	pmir-667	ath-miR863-5p	40.1	hsa-miR-7849-3p	20.3	tcf-miR-10301	20.3					3
792	GGTTTGTGCGTGAATCTGACG	0.0346349419394676	pmir-669	csi-miR403b-3p	32.2	hsa-miR-375-5p	20.3	ocu-miR-375-5p	20.3					1
806	TGAGGGGAATGTTGTCTGGCT	0.0346349419394676	pmir-670	cas-miR166a	32.2			sma-miR-1b-3p	20.3					2
386	TTTGGATTGAAGGGAGCTCCT	0.0346349419394676	pmir-671	cas-miR159a	42.1	hsa-miR-6839-3p	20.3	gsa-miR-9402-5p	22.3					1
560	TGATCTCTTCGTACTCTTCTGC	0.0337117305694001	pmir-676	ath-miR831-3p	40.1			pal-miR-9997-5p	20.3					2
555	CTGATCTCTTCGTACTCTTCC	0.0336108775362188	pmir-677	ath-miR831-3p	38.2			bta-miR-6527	20.3					2
936	TCTCGGATCAGGCTTCATTCC	0.0334795132714877	pmir-679	osa-miR166i-3p	38.2	hsa-miR-4780	20.3	cli-miR-205b-3p	22.3					2
94	TCCCAAATGTAGACAAAGCAG	0.0309228947497687	pmir-689	aly-miR158a-3p	40.1	hsa-miR-3690	20.3	hsa-miR-3690	20.3					2
471	ATAACGATGATGATGATGATGAT	0.03056612429139	pmir-693											1
563	TAAGATCCGGACTACAACAAAGGA	0.0297460523735025	pmir-697	ath-miR850	44.1			bbe-miR-10c-5p	22.3					1
591	TAAGATCCGGACTACAACAAAAC	0.0277972023033871	pmir-702	ath-miR850	42.1			bbe-miR-10c-5p	22.3					2
31	TGGATTGAAGGGAGCTCTACAGC	0.0270932545492853	pmir-706	aof-miR159	38.2	hsa-miR-6839-5p	20.3	gga-miR-1596-5p	22.3	NM_170724.3	30.2	94.737	0.0	2
552	TGATTGGAAATTTCGTTGACCA	0.0269199828388608	pmir-708	ath-miR779.2	40.1			pxy-miR-8500	20.3					3
41	TGGATTGAAGGGAGCTCTA	0.0268576610314653	pmir-709	aof-miR159	38.2	hsa-miR-6839-3p	20.3	gga-miR-1596-5p	22.3	NM_138694.4	30.2	94.737	0.0	2
598	TAAGATCCGGACTACAACAAAGCGT	0.0264601924926083	pmir-710	ath-miR850	44.1			bbe-miR-10c-5p	22.3					1
60	TTTGGATTGAAGGGAGCTCTAC	0.0259152869601859	pmir-712	aof-miR159	42.1	hsa-miR-6839-5p	20.3	gsa-miR-9402-5p	22.3	NM_170724.3	32.2	95.0	0.0	3
446	TTATGTCTTGTTGATCTCAAAT	0.0252844410544176	pmir-714	ath-miR863-5p	40.1	hsa-miR-7849-3p	20.3	tcf-miR-10311	20.3					2
935	CTTGGATTGAAGGGAGCTCTA	0.0247373193710865	pmir-716	osa-miR159f	42.1	hsa-miR-6839-3p	20.3	gga-miR-1596-5p	22.3	NM_170724.3	34.2	95.238	0.0	8
542	TGATTGGAAATTTCGTTGACTGT	0.0243433770931996	pmir-718	ath-miR779.2	42.1	hsa-miR-181a-2-3p	20.3	xla-miR-181a-3p	22.3					1
470	CATCTCAAAAAAAAAAAAAA	0.0238130379335502	pmir-721											1
610	ATCAGTTTCTTGTTCGTTTCCA	0.0237161990263422	pmir-722	ath-miR837-5p	40.1	hsa-miR-196a-3p	24.3	ocu-miR-196a-2-3p	24.3	NR_174942.1	30.2	94.737	0.0	1
581	TCATGGTCAGATCCGTCATCCG	0.0232849693934953	pmir-726	aly-miR842-3p	42.1			ssa-miR-8163-5p	20.3					1
569	TGTTTGTTGTACTCGGTCTANT	0.0230344452644648	pmir-728	ath-miR833a-5p	40.1	hsa-miR-8068	22.3	ppc-miR-8264-3p	22.3					1
604	TGTTTGTTGTACTCGGTCTAGTAGA	0.0227171171433134	pmir-730	ath-miR833a-5p	44.1	hsa-miR-8068	22.3	ppc-miR-8320-3p	22.3					1
623	TTATGTCTTGTTGATCTCAACG	0.0224749576615215	pmir-732	ath-miR863-5p	40.1	hsa-miR-7849-3p	20.3	efu-miR-9331	22.3					1
942	CTTGGATTGAAGGGAGCTC	0.0223813841928878	pmir-735	pab-miR159c	38.2	hsa-miR-6839-3p	20.3	gga-miR-1596-5p	22.3	NM_138694.4	30.2	94.737	0.0	2
411	TGTGTGTGTGTGTGTGCGCGT	0.0221440726264844	pmir-737											1
637	TCCGGCAAGTTGACTTTGGCA	0.0214533686769069	pmir-740	ath-miR169g-3p	32.2			sko-miR-4832	30.2					1
574	TCTGATCTCTTCGTACTCTTCTTA	0.0214093269286737	pmir-741	ath-miR831-3p	42.1	hsa-miR-6529-5p	20.3	mmu-miR-6904-3p	22.3					1
590	TTCGATGTCTAGCAGTGCCAA	0.0208104282216919	pmir-744	ath-miR775	40.1	hsa-miR-96-3p	20.3	cli-miR-9627-5p	22.3					2
577	TGTTTGTTGTACTCGGTCTAGTTCAG	0.020462688942927	pmir-746	ath-miR833a-5p	44.1	hsa-miR-8068	22.3	hsa-miR-8068	22.3					1
519	GGAATCTTGATGATGCTGCA	0.0204123437507168	pmir-748	sly-miR172d	40.1	hsa-miR-1322	22.3	pte-miR-2c-3p	22.3	NR_037705.3	30.2	94.737	0.0	2
461	TTGTTTGTTGTACTCGGTCTAA	0.0199910630861158	pmir-750	ath-miR833a-5p	40.1	hsa-miR-8068	22.3	sfr-miR-10457-5p	22.3					1
668	TGATTGGAAATTTCGTTGACTGAC	0.0197921208803782	pmir-752	ath-miR779.2	42.1			xla-miR-181a-3p	20.3					1
601	TGATTGGAAATTTCGTTGACTT	0.0196956352905497	pmir-753	ath-miR779.2	42.1			pxy-miR-8500	20.3					1
593	TGATTGGAAATTTCGTTGACTAG	0.0196935604731038	pmir-755	ath-miR779.2	42.1			pxy-miR-8500	20.3					2
592	TACGCATTGAGTTTCGTTGCC	0.0196921889467791	pmir-756	ath-miR777	40.1			asu-miR-100c-3p	20.3					2
653	TCTGATCTCTTCGTACTCTTCTTG	0.0195894780016283	pmir-757	ath-miR831-3p	44.1	hsa-miR-6529-5p	20.3	mdo-miR-7372-5p	22.3					1
440	TTTGTTGTACTCGGTCTAGTA	0.0192269462905555	pmir-760	ath-miR833a-5p	40.1			ppc-miR-8320-3p	22.3					1
669	TCTGATCTCTTCGTACTCTTCTT	0.0190663775209067	pmir-761	ath-miR831-3p	42.1	hsa-miR-6529-5p	20.3	mmu-miR-6904-3p	22.3					1
536	TGATTGGAAATTTCGTTGACTGA	0.0189674491770291	pmir-763	ath-miR779.2	42.1			xla-miR-181a-3p	20.3					1
486	TTCGATGTCTAGCAGTGCCAG	0.018944422652978	pmir-764	ath-miR775	40.1			pte-miR-11961a-3p	20.3					2
578	TGTTTGTTGTACTCGGTCTAGTAG	0.0188886359473172	pmir-765	ath-miR833a-5p	44.1	hsa-miR-8068	22.3	ppc-miR-8320-3p	22.3					1
640	GAGAGAGAAAGAGAGAGATAA	0.0188003791409793	pmir-767											1
649	TGATCTCTTCGTACTCTTCTTGG	0.0187732497515605	pmir-768	ath-miR831-3p	44.1			oni-miR-10960	22.3					1
742	TTGAGTCGTGCCACGGAATCG	0.0187331610625894	pmir-770	mtr-miR171a	26.3	hsa-miR-8081	24.3	hsa-miR-8081	24.3					1
638	GATTGGAAATTTCGTTGA	0.018388601723063	pmir-771	ath-miR779.2	36.2			pxy-miR-8500	20.3					1
650	TAAGATCCGGACTACAACAAAGCC	0.0174942095988541	pmir-785	ath-miR850	44.1			bbe-miR-10c-5p	22.3					1
585	TGTTTGTTGTACTCGGTCTAATA	0.0174158412599073	pmir-786	ath-miR833a-5p	40.1	hsa-miR-8068	22.3	ppc-miR-8264-3p	22.3	NM_001346201.2	30.2	94.737	0.0	1
457	TTGTTTGTTGTACTCGGTCTAGG	0.0174158412599073	pmir-787	ath-miR833a-5p	42.1	hsa-miR-8068	22.3	sfr-miR-10457-5p	22.3					1
565	TAAGATCCGGACTACAACAAAGC	0.017353580646124	pmir-789	ath-miR850	44.1			bbe-miR-10c-5p	22.3					2
673	AAGATCCGGACTACAACAAAT	0.0173181057703309	pmir-790	ath-miR850	40.1			bbe-miR-10c-5p	22.3					1
642	TATGTCTTGTTGATCTCAATT	0.0171407932514248	pmir-792	ath-miR863-5p	40.1	hsa-miR-7849-3p	20.3	tcf-miR-10301	20.3					1
847	TTGGCATTCTGTCCACCTCCGCC	0.0168937855964217	pmir-796	aof-miR394	40.1	hsa-miR-6849-3p	22.3	gga-miR-7446-5p	26.3					2
712	GTGCCACGGAATCAAGAGCTC	0.0168496525561524	pmir-801	gra-miR8668	20.3			bta-miR-2460	20.3					1
580	TCATGGTCAGATCCGTCATCCAG	0.0167652841989018	pmir-803	aly-miR842-3p	42.1			ssa-miR-8163-5p	20.3					1
83	GGAATGTTGTCTGGCTCGAGGA	0.0160363587989496	pmir-812	cas-miR166a	42.1	hsa-miR-6821-5p	20.3	xla-miR-375-5p	22.3					2
528	TGTTTGTTGTACTCGGTCTAGTGT	0.0151928987758084	pmir-825	ath-miR833a-5p	44.1	hsa-miR-8068	22.3	ppc-miR-8320-3p	24.3					1
614	TAAGATCCGGACTACAACAAAGAC	0.0148244095020758	pmir-828	ath-miR850	44.1			bbe-miR-10c-5p	22.3					1
720	AATCAAGAGCTCCAAGTGGGC	0.0147463522088982	pmir-832					bta-miR-2460	24.3					1
947	TCTCGGATCAGGCTTCATTCT	0.0147463522088982	pmir-833	osa-miR166i-3p	36.2	hsa-miR-4780	20.3	cli-miR-205b-3p	22.3					1
568	TGTTTGTTGTACTCGGTCTAGTG	0.0145598613268164	pmir-837	ath-miR833a-5p	44.1	hsa-miR-8068	22.3	ppc-miR-8320-3p	24.3					1
697	TTGAGTCGTGCCACGGAATCGA	0.0138341113972955	pmir-845	mtr-miR171a	26.3	hsa-miR-8081	24.3	hsa-miR-8081	24.3					1
753	TTGAGTCGTGCCACGGAATCGC	0.0138341113972955	pmir-847	mtr-miR171a	26.3	hsa-miR-8081	24.3	hsa-miR-8081	24.3					1
658	TGATCTCTTCGTACTCTTCTAC	0.0134720856089803	pmir-849	ath-miR831-3p	40.1			bta-miR-6527	20.3					1
596	TGTTTGTTGTACTCGGTCTATA	0.0125801412178034	pmir-853	ath-miR833a-5p	40.1	hsa-miR-8068	22.3	hsa-miR-8068	22.3					1
626	TGATTGGAAATTTCGTTGACTGC	0.0123564336861094	pmir-856	ath-miR779.2	42.1			lva-miR-981-3p	20.3					1
572	TGTTTGTTGTACTCGGTCTATG	0.0122659888035217	pmir-859	ath-miR833a-5p	40.1	hsa-miR-8068	22.3	hsa-miR-8068	22.3					1
464	TGATTGGAAATTTCGTTGACTG	0.0118191974388873	pmir-866	ath-miR779.2	42.1			xla-miR-181a-3p	20.3					1
655	CTTATGTCTTGTTGATCTCAAC	0.0108468038105314	pmir-873	ath-miR863-5p	40.1	hsa-miR-7849-3p	20.3	tcf-miR-10311	20.3					1
543	TGATTGGAAATTTCGTTGACTC	0.0106343806869012	pmir-874	ath-miR779.2	42.1			pxy-miR-8500	20.3					1
635	TTATGTCTTGTTGATCTCAAAG	0.0099955315430579	pmir-877	ath-miR863-5p	40.1	hsa-miR-7849-3p	20.3	tcf-miR-10311	20.3					1
633	CTGATCTCTTCGTACTCTTCA	0.0099636469225141	pmir-878	ath-miR831-3p	38.2			crm-miR-2229b	20.3					1
634	CTGATCTCTTCGTACTCTTCG	0.0099636469225141	pmir-879	ath-miR831-3p	38.2			bta-miR-6527	20.3					1
654	GGAATCTTGATGATGCTGCAT	0.0097066186081194	pmir-880	ata-miR172c-3p	42.1	hsa-miR-1322	22.3	pte-miR-2c-3p	22.3	NM_182531.5	30.2	94.737	0.0	1
558	CTAAGTCTTCTATTGATGT	0.0093676942000044	pmir-883	ath-miR776	38.2			pti-miR5477	24.3					1
490	TTATGTCTTGTTGATCTCAATT	0.0088417871703457	pmir-886	ath-miR863-5p	42.1	hsa-miR-7849-3p	20.3	tcf-miR-10311	20.3					1
854	TTTGGCATTCTGTCCACCTCT	0.0084398877535118	pmir-895	cas-miR394	40.1	hsa-miR-6849-3p	20.3	mmu-miR-6914-3p	26.3					1
606	CAGCCAAGGATGACTTGCCGC	0.0079507101403925	pmir-897	csi-miR169r-5p	40.1			sma-miR-2d-5p	22.3					1
615	TGATCTCTTCGTACTCTTCTTGT	0.0074662846525893	pmir-900	ath-miR831-3p	44.1			mdo-miR-7372-5p	22.3					1
63	TTGGATTGAAGGGAGCTCTACAGC	0.0068618952097108	pmir-905	aof-miR159	40.1	hsa-miR-6839-3p	20.3	gga-miR-1596-5p	22.3	NM_138694.4	32.2	95.0	0.0	1
92	TTTGGATTGAAGGGAGCTCTACAG	0.0068618952097108	pmir-906	aof-miR159	42.1	hsa-miR-6839-3p	20.3	gga-miR-1596-5p	22.3	NM_138694.4	32.2	95.0	0.0	1
663	TGGATTGAAGGGAGCTCTTCAGC	0.0065759829093063	pmir-909	cas-miR159b-3p	38.2	hsa-miR-6839-3p	20.3	mdo-miR-7371p-3p	22.3	NM_001042383.2	30.2	94.737	0.0	1
85	TGGATTGAAGGGAGCTCTACAGA	0.0065759829093063	pmir-910	aof-miR159	38.2	hsa-miR-6839-3p	20.3	gga-miR-1596-5p	22.3	NM_170724.3	30.2	94.737	0.0	1
477	TCGCTTGGTGCAGGTCGGGAACG	0.0065759829093063	pmir-911	lja-miR168-5p	44.1	hsa-miR-6816-3p	20.3	dvi-miR-9706b-5p	22.3					2
100	TTGGATTGAAGGGAGCTCTACAG	0.0065759829093063	pmir-913	aof-miR159	40.1	hsa-miR-6839-3p	20.3	gga-miR-1596-5p	22.3	NM_138694.4	32.2	95.0	0.0	1
36	TGGATTGAAGGGAGCTCTACAG	0.0062900706089017	pmir-914	aof-miR159	38.2	hsa-miR-6839-3p	20.3	gga-miR-1596-5p	22.3	NM_170724.3	30.2	94.737	0.0	1
465	TCGCTTGGTGCAGGTCGGGAAA	0.0062900706089017	pmir-915	aof-miR168a	42.1	hsa-miR-6816-3p	20.3	dvi-miR-9706b-5p	22.3					1
98	TGGATTGAAGGGAGCTCTACAA	0.0062900706089017	pmir-916	aof-miR159	38.2	hsa-miR-6839-3p	20.3	gga-miR-1596-5p	22.3	NM_170724.3	30.2	94.737	0.0	1
99	TGGATTGAAGGGAGCTCTACAC	0.0062900706089017	pmir-917	aof-miR159	38.2	hsa-miR-6839-3p	20.3	gga-miR-1596-5p	22.3	NM_170724.3	30.2	94.737	0.0	1
103	TGGATTGAAGGGAGCTCTACGG	0.0062900706089017	pmir-920	aof-miR159	38.2	hsa-miR-6839-3p	20.3	hpo-miR-10036-2-5p	22.3	NM_170724.3	30.2	94.737	0.0	1
463	ATCAGTTTCTTGTTCGTTTCAA	0.0061329944017608	pmir-922	ath-miR837-5p	42.1	hsa-miR-196a-3p	24.3	ocu-miR-196a-2-3p	24.3	NM_016356.5	32.2	95.0	0.0	1
556	TTATGTCTTGTTGATCTCAATC	0.0061329944017608	pmir-923	ath-miR863-5p	42.1	hsa-miR-7849-3p	20.3	tcf-miR-10311	20.3					1
946	TCGAACCAGGCTTCATTCCCC	0.006004158308497	pmir-924	osa-miR166e-3p	42.1	hsa-miR-3943	20.3	cli-miR-205b-3p	22.3					1
608	AGATCCGGACTACAACAAAGA	0.006004158308497	pmir-925	ath-miR850	40.1			bbe-miR-10c-5p	22.3					1
857	TGAGGGGAATGTTGTCTGGCC	0.006004158308497	pmir-927	cas-miR166c-5p	30.2			sma-miR-1b-3p	20.3					1
564	TCGCTTGGTGCAGGTCGGGAG	0.006004158308497	pmir-928	aof-miR168a	40.1	hsa-miR-6816-3p	20.3	dvi-miR-9706b-5p	22.3					2
64	TGGATTGAAGGGAGCTCTACC	0.006004158308497	pmir-929	aof-miR159	38.2	hsa-miR-6839-3p	20.3	gmo-miR-11183-3p	22.3	NM_170724.3	30.2	94.737	0.0	1
93	TGGATTGAAGGGAGCTCTACG	0.006004158308497	pmir-930	aof-miR159	38.2	hsa-miR-6839-3p	20.3	gga-miR-1596-5p	22.3	NM_170724.3	30.2	94.737	0.0	1
859	TTCCAAAGGGATCGCATTGAC	0.006004158308497	pmir-931	csi-miR393b-5p	40.1	hsa-miR-518d-3p	20.3	dqu-miR-6065-3p	22.3					1
662	TTATGTCTTGTTGATCTCAACA	0.0059646964528695	pmir-932	ath-miR863-5p	40.1	hsa-miR-7849-3p	20.3	tcf-miR-10311	20.3					1
661	TGATCTCTTCGTACTCTTCTNA	0.0059646964528695	pmir-934	ath-miR831-3p	40.1			hme-miR-1175	20.3					1
823	TTCCAAAGGGATCGCATTGA	0.0057182460080924	pmir-936	csi-miR393b-5p	40.1	hsa-miR-519d-5p	20.3	dqu-miR-6065-3p	22.3					1
617	TGATTGGAAATTTCGTTG	0.0050179045105316	pmir-950	ath-miR779.2	36.2			pxy-miR-8500	20.3					1
